{"wx": [-139490.31800576806, -301693.34670906694, 349419.7701411505, -31929.95870465767, 150349.9416321995, 105542.75246280324], "wy": [102880.71769232374, 216624.28004904394, -26891.0322046218, -89139.62189291682, -220013.7032090114, -75017.71457594329], "screen": [1920, 1080], "invert_x": false, "invert_y": false}